{
  "epoch": 15,
  "timestamp": "2025-10-06T02:04:16.011840",
  "training_data": {
    "epochs": [
      1,
      2,
      3,
      4,
      5,
      6,
      7,
      8,
      9,
      10,
      11,
      12,
      13,
      14,
      15
    ],
    "loss": [
      0.8628591895103455,
      0.5534602999687195,
      0.3531630337238312,
      0.22351999580860138,
      0.14066019654273987,
      0.08885224908590317,
      0.05723515525460243,
      0.03826228156685829,
      0.02691899985074997,
      0.020064393058419228,
      0.01578635349869728,
      0.012992959469556808,
      0.011068255640566349,
      0.009695388376712799,
      0.008680910803377628
    ],
    "val_loss": [
      0.6896567344665527,
      0.4424748122692108,
      0.2826952040195465,
      0.179349884390831,
      0.11442525684833527,
      0.07444494962692261,
      0.050335824489593506,
      0.03609523922204971,
      0.027435172349214554,
      0.021941877901554108,
      0.018533019348978996,
      0.01655867137014866,
      0.01493573933839798,
      0.013658719137310982,
      0.012750216759741306
    ],
    "accuracy": [
      0.748199999332428,
      0.8748999834060669,
      0.9172999858856201,
      0.9398000240325928,
      0.9512500166893005,
      0.9565500020980835,
      0.9593999981880188,
      0.956250011920929,
      0.9599499702453613,
      0.9614999890327454,
      0.9595000147819519,
      0.9593999981880188,
      0.9635999798774719,
      0.9613000154495239,
      0.961899995803833
    ],
    "val_accuracy": [
      0.8885,
      0.921,
      0.9115,
      0.9295,
      0.9315,
      0.933,
      0.925,
      0.925,
      0.929,
      0.944,
      0.923,
      0.9345,
      0.9225,
      0.931,
      0.9255
    ],
    "precision": [
      0.7348155379295349,
      0.8988297581672668,
      0.9259902238845825,
      0.9413003921508789,
      0.9484249353408813,
      0.9531513452529907,
      0.95503169298172,
      0.9542060494422913,
      0.9565260410308838,
      0.9599362015724182,
      0.96079021692276,
      0.9596757888793945,
      0.9637855291366577,
      0.9640845060348511,
      0.9657188653945923
    ],
    "val_precision": [
      0.8850346878097126,
      0.9176587301587301,
      0.9110889110889111,
      0.9256689791873142,
      0.9302093718843469,
      0.933,
      0.9233067729083665,
      0.9199604743083004,
      0.9281437125748503,
      0.941351888667992,
      0.9204771371769384,
      0.9340659340659341,
      0.922077922077922,
      0.9301397205588823,
      0.9242273180458624
    ],
    "recall": [
      0.7767000198364258,
      0.8449000120162964,
      0.9071000218391418,
      0.9380999803543091,
      0.9544000029563904,
      0.9603000283241272,
      0.9642000198364258,
      0.9585000276565552,
      0.963699996471405,
      0.9631999731063843,
      0.9581000208854675,
      0.9591000080108643,
      0.9634000062942505,
      0.958299994468689,
      0.9577999711036682
    ],
    "val_recall": [
      0.893,
      0.925,
      0.912,
      0.934,
      0.933,
      0.933,
      0.927,
      0.931,
      0.93,
      0.947,
      0.926,
      0.935,
      0.923,
      0.932,
      0.927
    ],
    "f1_score": [
      0.7551774590446749,
      0.8710309155770499,
      0.9164477850294489,
      0.9396974562782451,
      0.9514030829827431,
      0.9567123279949664,
      0.959593952485583,
      0.95634821361158,
      0.9600996128193298,
      0.9615653128515432,
      0.9594432281384409,
      0.9593878070557745,
      0.9635927241545946,
      0.9611835423690023,
      0.9617431126844374
    ],
    "val_f1_score": [
      0.8889995022399204,
      0.9213147410358565,
      0.9115442278860569,
      0.9298158287705327,
      0.9316025961058412,
      0.933,
      0.9251497005988024,
      0.9254473161033798,
      0.929070929070929,
      0.9441674975074775,
      0.9232303090727817,
      0.9345327336331833,
      0.9225387306346827,
      0.9310689310689311,
      0.9256115826260609
    ],
    "val_auc": [
      0.947477,
      0.9669850000000001,
      0.9583269999999999,
      0.9725119999999998,
      0.9727710000000002,
      0.971513,
      0.9702135,
      0.9638770000000001,
      0.97541,
      0.9798945,
      0.977568,
      0.976055,
      0.963261,
      0.974154,
      0.974243
    ],
    "learning_rate": [
      "5e-05",
      "5e-05"
    ]
  },
  "training_params": {
    "epochs": 50,
    "batch_size": 64,
    "learning_rate": 5e-05,
    "patience": 7
  },
  "model_info": {
    "model_name": "Proposed Siamese CapsNet + MobileNetV2",
    "session_id": "Proposed Siamese CapsNet + MobileNetV2_20251005_210426"
  }
}