{
  "epoch": 5,
  "timestamp": "2025-10-07T21:39:05.416392",
  "training_data": {
    "epochs": [
      1,
      2,
      3,
      4,
      5
    ],
    "loss": [
      0.7543832659721375,
      0.3636467158794403,
      0.18207219243049622,
      0.09871836751699448,
      0.05966497212648392
    ],
    "val_loss": [
      0.5188302993774414,
      0.25749272108078003,
      0.13803604245185852,
      0.08278217911720276,
      0.056268397718667984
    ],
    "accuracy": [
      0.8131999969482422,
      0.9101999998092651,
      0.9346500039100647,
      0.9488000273704529,
      0.9527000188827515
    ],
    "val_accuracy": [
      0.911,
      0.9245,
      0.9415,
      0.9405,
      0.941
    ],
    "precision": [
      0.8166195154190063,
      0.9132581353187561,
      0.9312431812286377,
      0.9391389489173889,
      0.942089855670929
    ],
    "val_precision": [
      0.911,
      0.9232303090727817,
      0.9341199606686332,
      0.9400599400599401,
      0.9418837675350702
    ],
    "recall": [
      0.8077999949455261,
      0.906499981880188,
      0.9386000037193298,
      0.9598000049591064,
      0.9646999835968018
    ],
    "val_recall": [
      0.911,
      0.926,
      0.95,
      0.941,
      0.94
    ],
    "f1_score": [
      0.812185808109296,
      0.9098665045037388,
      0.9349071149135826,
      0.9493570725286617,
      0.9532608626603297
    ],
    "val_f1_score": [
      0.911,
      0.9246130803794309,
      0.9419930589985126,
      0.9405297351324338,
      0.9409409409409409
    ],
    "val_auc": [
      0.964558,
      0.9680120000000001,
      0.9757920000000001,
      0.9794545000000001,
      0.978064
    ],
    "learning_rate": [
      "5e-05"
    ]
  },
  "training_params": {
    "epochs": 50,
    "batch_size": 32,
    "learning_rate": 5e-05,
    "patience": 7
  },
  "model_info": {
    "model_name": "Proposed Siamese CapsNet + MobileNetV2",
    "session_id": "Proposed Siamese CapsNet + MobileNetV2_20251007_185241"
  }
}