{
  "epoch": 3,
  "timestamp": "2025-10-06T04:35:26.238721",
  "training_data": {
    "epochs": [
      1,
      2,
      3
    ],
    "loss": [
      0.7552375197410583,
      0.3690149188041687,
      0.1864212453365326
    ],
    "val_loss": [
      0.5236244201660156,
      0.263017475605011,
      0.14116328954696655
    ],
    "accuracy": [
      0.770550012588501,
      0.8923500180244446,
      0.9226999878883362
    ],
    "val_accuracy": [
      0.901,
      0.9235,
      0.9385
    ],
    "precision": [
      0.7903831601142883,
      0.9072132706642151,
      0.9277474284172058
    ],
    "val_precision": [
      0.9001996007984032,
      0.922233300099701,
      0.936318407960199
    ],
    "recall": [
      0.7364000082015991,
      0.8741000294685364,
      0.9168000221252441
    ],
    "val_recall": [
      0.902,
      0.925,
      0.941
    ],
    "f1_score": [
      0.762437226001642,
      0.8903488702531955,
      0.9222412337922689
    ],
    "val_f1_score": [
      0.9010989010989011,
      0.9236145781328009,
      0.9386533665835411
    ],
    "val_auc": [
      0.956266,
      0.963861,
      0.972157
    ],
    "learning_rate": []
  },
  "training_params": {
    "epochs": 50,
    "batch_size": 32,
    "learning_rate": 5e-05,
    "patience": 7
  },
  "model_info": {
    "model_name": "Proposed Siamese CapsNet + MobileNetV2",
    "session_id": "Proposed Siamese CapsNet + MobileNetV2_20251006_033126"
  }
}