{
  "epoch": 4,
  "timestamp": "2025-10-06T19:50:13.230554",
  "training_data": {
    "epochs": [
      1,
      2,
      3,
      4
    ],
    "loss": [
      0.8084574937820435,
      0.34029504656791687,
      0.15935727953910828,
      0.08320373296737671
    ],
    "val_loss": [
      0.5059643983840942,
      0.23205456137657166,
      0.1182350441813469,
      0.06986215710639954
    ],
    "accuracy": [
      0.8162999749183655,
      0.9108499884605408,
      0.9315000176429749,
      0.9438999891281128
    ],
    "val_accuracy": [
      0.902,
      0.9185,
      0.9375,
      0.9415
    ],
    "precision": [
      0.8063141703605652,
      0.9179977774620056,
      0.9321049451828003,
      0.9412524700164795
    ],
    "val_precision": [
      0.898019801980198,
      0.9164179104477612,
      0.933597621407334,
      0.9401794616151545
    ],
    "recall": [
      0.8325999975204468,
      0.9023000001907349,
      0.9308000206947327,
      0.9469000101089478
    ],
    "val_recall": [
      0.907,
      0.921,
      0.942,
      0.943
    ],
    "f1_score": [
      0.8192462855021417,
      0.9100811970410185,
      0.931452020903131,
      0.944067789052854
    ],
    "val_f1_score": [
      0.9024875621890548,
      0.9187032418952619,
      0.9377799900447984,
      0.9415876185721418
    ],
    "val_auc": [
      0.9646939999999999,
      0.9641950000000001,
      0.977311,
      0.976988
    ],
    "learning_rate": []
  },
  "training_params": {
    "epochs": 50,
    "batch_size": 32,
    "learning_rate": 5e-05,
    "patience": 7
  },
  "model_info": {
    "model_name": "Proposed Siamese CapsNet + MobileNetV2",
    "session_id": "Proposed Siamese CapsNet + MobileNetV2_20251006_172901"
  }
}