{
  "epoch": 12,
  "timestamp": "2025-10-08T12:31:30.959390",
  "training_data": {
    "epochs": [
      1,
      2,
      3,
      4,
      5,
      6,
      7,
      8,
      9,
      10,
      11,
      12
    ],
    "loss": [
      0.766092836856842,
      0.3761984705924988,
      0.1902828812599182,
      0.10263203084468842,
      0.061039429157972336,
      0.03986021876335144,
      0.028205374255776405,
      0.021297598257660866,
      0.01704556681215763,
      0.01440013013780117,
      0.012775016017258167,
      0.011685390025377274
    ],
    "val_loss": [
      0.5328518748283386,
      0.26821988821029663,
      0.1432245373725891,
      0.08473166078329086,
      0.056130096316337585,
      0.04162519425153732,
      0.03329134359955788,
      0.028330892324447632,
      0.024967093020677567,
      0.023030240088701248,
      0.02171032316982746,
      0.021700222045183182
    ],
    "accuracy": [
      0.7286999821662903,
      0.8779500126838684,
      0.9243999719619751,
      0.9410499930381775,
      0.9478499889373779,
      0.9520999789237976,
      0.9506999850273132,
      0.9500499963760376,
      0.9520000219345093,
      0.9544000029563904,
      0.9576500058174133,
      0.9569000005722046
    ],
    "val_accuracy": [
      0.879,
      0.919,
      0.9315,
      0.938,
      0.944,
      0.941,
      0.936,
      0.9325,
      0.931,
      0.9325,
      0.931,
      0.923
    ],
    "precision": [
      0.7705228328704834,
      0.9017753005027771,
      0.9279088377952576,
      0.9399501085281372,
      0.9449577927589417,
      0.9503885507583618,
      0.9489938020706177,
      0.9503652453422546,
      0.9517289400100708,
      0.9574189782142639,
      0.9591652750968933,
      0.9627304077148438
    ],
    "val_precision": [
      0.879,
      0.9173306772908366,
      0.9327983951855566,
      0.938,
      0.9422310756972112,
      0.9392430278884463,
      0.9325396825396826,
      0.9312063808574277,
      0.9258893280632411,
      0.9329329329329329,
      0.9250493096646942,
      0.923
    ],
    "recall": [
      0.6514000296592712,
      0.8482999801635742,
      0.9203000068664551,
      0.942300021648407,
      0.9510999917984009,
      0.9539999961853027,
      0.9526000022888184,
      0.9496999979019165,
      0.9523000121116638,
      0.9510999917984009,
      0.9559999704360962,
      0.9506000280380249
    ],
    "val_recall": [
      0.879,
      0.921,
      0.93,
      0.938,
      0.946,
      0.943,
      0.94,
      0.934,
      0.937,
      0.932,
      0.938,
      0.923
    ],
    "f1_score": [
      0.7059716189697562,
      0.8742206390871766,
      0.9240887550565531,
      0.9411235932025604,
      0.9480189385816568,
      0.9521908441343924,
      0.9507934777638798,
      0.9500325001644649,
      0.9520143854205353,
      0.9542490191228563,
      0.9575800020252248,
      0.9566267600019113
    ],
    "val_f1_score": [
      0.879,
      0.9191616766467066,
      0.9313970956434653,
      0.938,
      0.9441117764471058,
      0.941117764471058,
      0.9362549800796813,
      0.9326010983524713,
      0.9314115308151094,
      0.9324662331165583,
      0.9314796425024826,
      0.923
    ],
    "val_auc": [
      0.94636,
      0.9664134999999999,
      0.9747340000000001,
      0.979876,
      0.9800435000000001,
      0.976066,
      0.9757109999999999,
      0.9674709999999999,
      0.9699029999999998,
      0.9658295,
      0.967241,
      0.968913
    ],
    "learning_rate": []
  },
  "training_params": {
    "epochs": 50,
    "batch_size": 32,
    "learning_rate": 5e-05,
    "patience": 7
  },
  "model_info": {
    "model_name": "Proposed Siamese CapsNet + MobileNetV2",
    "session_id": "Proposed Siamese CapsNet + MobileNetV2_20251008_004843"
  }
}