{
  "epoch": 5,
  "timestamp": "2025-10-05T22:46:17.732621",
  "training_data": {
    "epochs": [
      1,
      2,
      3,
      4,
      5
    ],
    "loss": [
      0.8628591895103455,
      0.5534602999687195,
      0.3531630337238312,
      0.22351999580860138,
      0.14066019654273987
    ],
    "val_loss": [
      0.6896567344665527,
      0.4424748122692108,
      0.2826952040195465,
      0.179349884390831,
      0.11442525684833527
    ],
    "accuracy": [
      0.748199999332428,
      0.8748999834060669,
      0.9172999858856201,
      0.9398000240325928,
      0.9512500166893005
    ],
    "val_accuracy": [
      0.8885,
      0.921,
      0.9115,
      0.9295,
      0.9315
    ],
    "precision": [
      0.7348155379295349,
      0.8988297581672668,
      0.9259902238845825,
      0.9413003921508789,
      0.9484249353408813
    ],
    "val_precision": [
      0.8850346878097126,
      0.9176587301587301,
      0.9110889110889111,
      0.9256689791873142,
      0.9302093718843469
    ],
    "recall": [
      0.7767000198364258,
      0.8449000120162964,
      0.9071000218391418,
      0.9380999803543091,
      0.9544000029563904
    ],
    "val_recall": [
      0.893,
      0.925,
      0.912,
      0.934,
      0.933
    ],
    "f1_score": [
      0.7551774590446749,
      0.8710309155770499,
      0.9164477850294489,
      0.9396974562782451,
      0.9514030829827431
    ],
    "val_f1_score": [
      0.8889995022399204,
      0.9213147410358565,
      0.9115442278860569,
      0.9298158287705327,
      0.9316025961058412
    ],
    "val_auc": [
      0.947477,
      0.9669850000000001,
      0.9583269999999999,
      0.9725119999999998,
      0.9727710000000002
    ],
    "learning_rate": []
  },
  "training_params": {
    "epochs": 50,
    "batch_size": 64,
    "learning_rate": 5e-05,
    "patience": 7
  },
  "model_info": {
    "model_name": "Proposed Siamese CapsNet + MobileNetV2",
    "session_id": "Proposed Siamese CapsNet + MobileNetV2_20251005_210426"
  }
}