{
  "epoch": 2,
  "timestamp": "2025-10-06T18:39:41.006298",
  "training_data": {
    "epochs": [
      1,
      2
    ],
    "loss": [
      0.8084574937820435,
      0.34029504656791687
    ],
    "val_loss": [
      0.5059643983840942,
      0.23205456137657166
    ],
    "accuracy": [
      0.8162999749183655,
      0.9108499884605408
    ],
    "val_accuracy": [
      0.902,
      0.9185
    ],
    "precision": [
      0.8063141703605652,
      0.9179977774620056
    ],
    "val_precision": [
      0.898019801980198,
      0.9164179104477612
    ],
    "recall": [
      0.8325999975204468,
      0.9023000001907349
    ],
    "val_recall": [
      0.907,
      0.921
    ],
    "f1_score": [
      0.8192462855021417,
      0.9100811970410185
    ],
    "val_f1_score": [
      0.9024875621890548,
      0.9187032418952619
    ],
    "val_auc": [
      0.9646939999999999,
      0.9641950000000001
    ],
    "learning_rate": []
  },
  "training_params": {
    "epochs": 50,
    "batch_size": 32,
    "learning_rate": 5e-05,
    "patience": 7
  },
  "model_info": {
    "model_name": "Proposed Siamese CapsNet + MobileNetV2",
    "session_id": "Proposed Siamese CapsNet + MobileNetV2_20251006_172901"
  }
}