{
  "epoch": 5,
  "timestamp": "2025-10-07T02:20:45.637630",
  "training_data": {
    "epochs": [
      1,
      2,
      3,
      4,
      5
    ],
    "loss": [
      1.1555389165878296,
      0.49857616424560547,
      0.2180592566728592,
      0.10366083681583405,
      0.057298675179481506
    ],
    "val_loss": [
      0.7444159984588623,
      0.32546132802963257,
      0.15155400335788727,
      0.08208825439214706,
      0.052419617772102356
    ],
    "accuracy": [
      0.8046000003814697,
      0.9200500249862671,
      0.9454500079154968,
      0.9588500261306763,
      0.9609000086784363
    ],
    "val_accuracy": [
      0.9115,
      0.9305,
      0.937,
      0.936,
      0.949
    ],
    "precision": [
      0.8111974000930786,
      0.9314843416213989,
      0.949813187122345,
      0.9557961821556091,
      0.9571513533592224
    ],
    "val_precision": [
      0.9102691924227319,
      0.9292123629112662,
      0.9352589641434262,
      0.936,
      0.9428007889546351
    ],
    "recall": [
      0.7940000295639038,
      0.9067999720573425,
      0.9405999779701233,
      0.9621999859809875,
      0.9649999737739563
    ],
    "val_recall": [
      0.913,
      0.932,
      0.939,
      0.936,
      0.956
    ],
    "f1_score": [
      0.8025065873438015,
      0.9189764217363268,
      0.9451841265751976,
      0.9589873885612209,
      0.9610596346351683
    ],
    "val_f1_score": [
      0.9116325511732403,
      0.9306040938592112,
      0.9371257485029939,
      0.936,
      0.9493545183714003
    ],
    "val_auc": [
      0.966281,
      0.9727729999999999,
      0.9783620000000001,
      0.9758624999999999,
      0.979113
    ],
    "learning_rate": []
  },
  "training_params": {
    "epochs": 50,
    "batch_size": 32,
    "learning_rate": 5e-05,
    "patience": 7
  },
  "model_info": {
    "model_name": "Proposed Siamese CapsNet + MobileNetV2",
    "session_id": "Proposed Siamese CapsNet + MobileNetV2_20251006_234400"
  }
}