{
  "epoch": 8,
  "timestamp": "2025-10-05T20:23:56.928853",
  "training_data": {
    "epochs": [
      1,
      2,
      3,
      4,
      5,
      6,
      7,
      8
    ],
    "loss": [
      1.4361586570739746,
      1.1056065559387207,
      0.8621793985366821,
      0.675119161605835,
      0.528846025466919,
      0.414153516292572,
      0.32313546538352966,
      0.2517487108707428
    ],
    "val_loss": [
      1.2562155723571777,
      0.9753202199935913,
      0.7633457779884338,
      0.599191427230835,
      0.470256507396698,
      0.3683460056781769,
      0.28824934363365173,
      0.22567833960056305
    ],
    "accuracy": [
      0.6182500123977661,
      0.7752000093460083,
      0.8116499781608582,
      0.8218500018119812,
      0.7990000247955322,
      0.7809500098228455,
      0.749750018119812,
      0.6820499897003174
    ],
    "val_accuracy": [
      0.832,
      0.8685,
      0.8835,
      0.8995,
      0.875,
      0.891,
      0.891,
      0.881
    ],
    "precision": [
      0.5950333476066589,
      0.8101893663406372,
      0.8647162318229675,
      0.8845739960670471,
      0.8934210538864136,
      0.8958715200424194,
      0.8943628668785095,
      0.8844773173332214
    ],
    "val_precision": [
      0.8293650793650794,
      0.8616290480863592,
      0.8831168831168831,
      0.8967229394240318,
      0.874251497005988,
      0.8766859344894027,
      0.8688679245283019,
      0.8764822134387352
    ],
    "recall": [
      0.7404000163078308,
      0.7188000082969666,
      0.7389000058174133,
      0.7402999997138977,
      0.6790000200271606,
      0.6358000040054321,
      0.5663999915122986,
      0.4187999963760376
    ],
    "val_recall": [
      0.836,
      0.878,
      0.884,
      0.903,
      0.876,
      0.91,
      0.921,
      0.887
    ],
    "f1_score": [
      0.6598048377063901,
      0.7617634616682368,
      0.7968724807628511,
      0.8060318851868433,
      0.7715909175826142,
      0.7437562210561105,
      0.6935651653946305,
      0.5684424804378402
    ],
    "val_f1_score": [
      0.8326693227091634,
      0.8697374938088163,
      0.8835582208895552,
      0.8998505231689088,
      0.8751248751248751,
      0.8930323846908734,
      0.8941747572815534,
      0.8817097415506958
    ],
    "val_auc": [
      0.9044969999999999,
      0.9282105,
      0.939183,
      0.9450429999999999,
      0.9346395000000001,
      0.933386,
      0.9300060000000001,
      0.9337329999999999
    ],
    "learning_rate": []
  },
  "training_params": {
    "epochs": 50,
    "batch_size": 128,
    "learning_rate": 5e-05,
    "patience": 7
  },
  "model_info": {
    "model_name": "Proposed Siamese CapsNet + MobileNetV2",
    "session_id": "Proposed Siamese CapsNet + MobileNetV2_20251005_174521"
  }
}