{
  "epoch": 3,
  "timestamp": "2025-10-07T20:34:49.368958",
  "training_data": {
    "epochs": [
      1,
      2,
      3
    ],
    "loss": [
      0.7543832659721375,
      0.3636467158794403,
      0.18207219243049622
    ],
    "val_loss": [
      0.5188302993774414,
      0.25749272108078003,
      0.13803604245185852
    ],
    "accuracy": [
      0.8131999969482422,
      0.9101999998092651,
      0.9346500039100647
    ],
    "val_accuracy": [
      0.911,
      0.9245,
      0.9415
    ],
    "precision": [
      0.8166195154190063,
      0.9132581353187561,
      0.9312431812286377
    ],
    "val_precision": [
      0.911,
      0.9232303090727817,
      0.9341199606686332
    ],
    "recall": [
      0.8077999949455261,
      0.906499981880188,
      0.9386000037193298
    ],
    "val_recall": [
      0.911,
      0.926,
      0.95
    ],
    "f1_score": [
      0.812185808109296,
      0.9098665045037388,
      0.9349071149135826
    ],
    "val_f1_score": [
      0.911,
      0.9246130803794309,
      0.9419930589985126
    ],
    "val_auc": [
      0.964558,
      0.9680120000000001,
      0.9757920000000001
    ],
    "learning_rate": []
  },
  "training_params": {
    "epochs": 50,
    "batch_size": 32,
    "learning_rate": 5e-05,
    "patience": 7
  },
  "model_info": {
    "model_name": "Proposed Siamese CapsNet + MobileNetV2",
    "session_id": "Proposed Siamese CapsNet + MobileNetV2_20251007_185241"
  }
}