{
  "epoch": 11,
  "timestamp": "2025-10-08T00:39:05.351016",
  "training_data": {
    "epochs": [
      1,
      2,
      3,
      4,
      5,
      6,
      7,
      8,
      9,
      10,
      11
    ],
    "loss": [
      0.7543832659721375,
      0.3636467158794403,
      0.18207219243049622,
      0.09871836751699448,
      0.05966497212648392,
      0.039840541779994965,
      0.02877134643495083,
      0.022127384319901466,
      0.018165796995162964,
      0.01564064994454384,
      0.01407610159367323
    ],
    "val_loss": [
      0.5188302993774414,
      0.25749272108078003,
      0.13803604245185852,
      0.08278217911720276,
      0.056268397718667984,
      0.04242383688688278,
      0.03360850736498833,
      0.028810665011405945,
      0.026305826380848885,
      0.023746443912386894,
      0.022050179541110992
    ],
    "accuracy": [
      0.8131999969482422,
      0.9101999998092651,
      0.9346500039100647,
      0.9488000273704529,
      0.9527000188827515,
      0.9526500105857849,
      0.9541500210762024,
      0.9553999900817871,
      0.9537000060081482,
      0.9569000005722046,
      0.9577500224113464
    ],
    "val_accuracy": [
      0.911,
      0.9245,
      0.9415,
      0.9405,
      0.941,
      0.9235,
      0.936,
      0.931,
      0.9295,
      0.941,
      0.9425
    ],
    "precision": [
      0.8166195154190063,
      0.9132581353187561,
      0.9312431812286377,
      0.9391389489173889,
      0.942089855670929,
      0.9410503506660461,
      0.9425119161605835,
      0.9450742602348328,
      0.9429798722267151,
      0.9468022584915161,
      0.9489065408706665
    ],
    "val_precision": [
      0.911,
      0.9232303090727817,
      0.9341199606686332,
      0.9400599400599401,
      0.9418837675350702,
      0.923923923923924,
      0.935129740518962,
      0.9275793650793651,
      0.92992992992993,
      0.9401197604790419,
      0.9394240317775571
    ],
    "recall": [
      0.8077999949455261,
      0.906499981880188,
      0.9386000037193298,
      0.9598000049591064,
      0.9646999835968018,
      0.9657999873161316,
      0.9672999978065491,
      0.9670000076293945,
      0.9657999873161316,
      0.9682000279426575,
      0.9675999879837036
    ],
    "val_recall": [
      0.911,
      0.926,
      0.95,
      0.941,
      0.94,
      0.923,
      0.937,
      0.935,
      0.929,
      0.942,
      0.946
    ],
    "f1_score": [
      0.812185808109296,
      0.9098665045037388,
      0.9349071149135826,
      0.9493570725286617,
      0.9532608626603297,
      0.9532645471616247,
      0.954745085621812,
      0.9559114177073,
      0.9542535136375353,
      0.9573815914838174,
      0.9581620922545501
    ],
    "val_f1_score": [
      0.911,
      0.9246130803794309,
      0.9419930589985126,
      0.9405297351324338,
      0.9409409409409409,
      0.9234617308654328,
      0.9360639360639361,
      0.9312749003984064,
      0.9294647323661832,
      0.941058941058941,
      0.942700548081714
    ],
    "val_auc": [
      0.964558,
      0.9680120000000001,
      0.9757920000000001,
      0.9794545000000001,
      0.978064,
      0.9689289999999999,
      0.9741535000000001,
      0.969568,
      0.970689,
      0.9759335000000001,
      0.9733075
    ],
    "learning_rate": [
      "5e-05",
      "5e-05",
      "5e-05",
      "5e-05",
      "5e-05"
    ]
  },
  "training_params": {
    "epochs": 50,
    "batch_size": 32,
    "learning_rate": 5e-05,
    "patience": 7
  },
  "model_info": {
    "model_name": "Proposed Siamese CapsNet + MobileNetV2",
    "session_id": "Proposed Siamese CapsNet + MobileNetV2_20251007_185241"
  }
}