{
  "epoch": 2,
  "timestamp": "2025-10-06T04:14:20.194845",
  "training_data": {
    "epochs": [
      1,
      2
    ],
    "loss": [
      0.7552375197410583,
      0.3690149188041687
    ],
    "val_loss": [
      0.5236244201660156,
      0.263017475605011
    ],
    "accuracy": [
      0.770550012588501,
      0.8923500180244446
    ],
    "val_accuracy": [
      0.901,
      0.9235
    ],
    "precision": [
      0.7903831601142883,
      0.9072132706642151
    ],
    "val_precision": [
      0.9001996007984032,
      0.922233300099701
    ],
    "recall": [
      0.7364000082015991,
      0.8741000294685364
    ],
    "val_recall": [
      0.902,
      0.925
    ],
    "f1_score": [
      0.762437226001642,
      0.8903488702531955
    ],
    "val_f1_score": [
      0.9010989010989011,
      0.9236145781328009
    ],
    "val_auc": [
      0.956266,
      0.963861
    ],
    "learning_rate": []
  },
  "training_params": {
    "epochs": 50,
    "batch_size": 32,
    "learning_rate": 5e-05,
    "patience": 7
  },
  "model_info": {
    "model_name": "Proposed Siamese CapsNet + MobileNetV2",
    "session_id": "Proposed Siamese CapsNet + MobileNetV2_20251006_033126"
  }
}