{
  "epoch": 1,
  "timestamp": "2025-10-08T01:46:54.909207",
  "training_data": {
    "epochs": [
      1
    ],
    "loss": [
      0.766092836856842
    ],
    "val_loss": [
      0.5328518748283386
    ],
    "accuracy": [
      0.7286999821662903
    ],
    "val_accuracy": [
      0.879
    ],
    "precision": [
      0.7705228328704834
    ],
    "val_precision": [
      0.879
    ],
    "recall": [
      0.6514000296592712
    ],
    "val_recall": [
      0.879
    ],
    "f1_score": [
      0.7059716189697562
    ],
    "val_f1_score": [
      0.879
    ],
    "val_auc": [
      0.94636
    ],
    "learning_rate": []
  },
  "training_params": {
    "epochs": 50,
    "batch_size": 32,
    "learning_rate": 5e-05,
    "patience": 7
  },
  "model_info": {
    "model_name": "Proposed Siamese CapsNet + MobileNetV2",
    "session_id": "Proposed Siamese CapsNet + MobileNetV2_20251008_004843"
  }
}