{
  "epoch": 1,
  "timestamp": "2025-10-07T19:27:08.345078",
  "training_data": {
    "epochs": [
      1
    ],
    "loss": [
      0.7543832659721375
    ],
    "val_loss": [
      0.5188302993774414
    ],
    "accuracy": [
      0.8131999969482422
    ],
    "val_accuracy": [
      0.911
    ],
    "precision": [
      0.8166195154190063
    ],
    "val_precision": [
      0.911
    ],
    "recall": [
      0.8077999949455261
    ],
    "val_recall": [
      0.911
    ],
    "f1_score": [
      0.812185808109296
    ],
    "val_f1_score": [
      0.911
    ],
    "val_auc": [
      0.964558
    ],
    "learning_rate": []
  },
  "training_params": {
    "epochs": 50,
    "batch_size": 32,
    "learning_rate": 5e-05,
    "patience": 7
  },
  "model_info": {
    "model_name": "Proposed Siamese CapsNet + MobileNetV2",
    "session_id": "Proposed Siamese CapsNet + MobileNetV2_20251007_185241"
  }
}