{
  "epoch": 4,
  "timestamp": "2025-10-05T19:04:07.989903",
  "training_data": {
    "epochs": [
      1,
      2,
      3,
      4
    ],
    "loss": [
      1.4361586570739746,
      1.1056065559387207,
      0.8621793985366821,
      0.675119161605835
    ],
    "val_loss": [
      1.2562155723571777,
      0.9753202199935913,
      0.7633457779884338,
      0.599191427230835
    ],
    "accuracy": [
      0.6182500123977661,
      0.7752000093460083,
      0.8116499781608582,
      0.8218500018119812
    ],
    "val_accuracy": [
      0.832,
      0.8685,
      0.8835,
      0.8995
    ],
    "precision": [
      0.5950333476066589,
      0.8101893663406372,
      0.8647162318229675,
      0.8845739960670471
    ],
    "val_precision": [
      0.8293650793650794,
      0.8616290480863592,
      0.8831168831168831,
      0.8967229394240318
    ],
    "recall": [
      0.7404000163078308,
      0.7188000082969666,
      0.7389000058174133,
      0.7402999997138977
    ],
    "val_recall": [
      0.836,
      0.878,
      0.884,
      0.903
    ],
    "f1_score": [
      0.6598048377063901,
      0.7617634616682368,
      0.7968724807628511,
      0.8060318851868433
    ],
    "val_f1_score": [
      0.8326693227091634,
      0.8697374938088163,
      0.8835582208895552,
      0.8998505231689088
    ],
    "val_auc": [
      0.9044969999999999,
      0.9282105,
      0.939183,
      0.9450429999999999
    ],
    "learning_rate": []
  },
  "training_params": {
    "epochs": 50,
    "batch_size": 128,
    "learning_rate": 5e-05,
    "patience": 7
  },
  "model_info": {
    "model_name": "Proposed Siamese CapsNet + MobileNetV2",
    "session_id": "Proposed Siamese CapsNet + MobileNetV2_20251005_174521"
  }
}