{
  "epoch": 6,
  "timestamp": "2025-10-06T21:01:22.903901",
  "training_data": {
    "epochs": [
      1,
      2,
      3,
      4,
      5,
      6
    ],
    "loss": [
      0.8084574937820435,
      0.34029504656791687,
      0.15935727953910828,
      0.08320373296737671,
      0.049715522676706314,
      0.03344506397843361
    ],
    "val_loss": [
      0.5059643983840942,
      0.23205456137657166,
      0.1182350441813469,
      0.06986215710639954,
      0.04786873981356621,
      0.03680728003382683
    ],
    "accuracy": [
      0.8162999749183655,
      0.9108499884605408,
      0.9315000176429749,
      0.9438999891281128,
      0.946150004863739,
      0.9459999799728394
    ],
    "val_accuracy": [
      0.902,
      0.9185,
      0.9375,
      0.9415,
      0.944,
      0.9325
    ],
    "precision": [
      0.8063141703605652,
      0.9179977774620056,
      0.9321049451828003,
      0.9412524700164795,
      0.9428287744522095,
      0.9409729242324829
    ],
    "val_precision": [
      0.898019801980198,
      0.9164179104477612,
      0.933597621407334,
      0.9401794616151545,
      0.9396039603960396,
      0.932067932067932
    ],
    "recall": [
      0.8325999975204468,
      0.9023000001907349,
      0.9308000206947327,
      0.9469000101089478,
      0.9498999714851379,
      0.95169997215271
    ],
    "val_recall": [
      0.907,
      0.921,
      0.942,
      0.943,
      0.949,
      0.933
    ],
    "f1_score": [
      0.8192462855021417,
      0.9100811970410185,
      0.931452020903131,
      0.944067789052854,
      0.9463511590428513,
      0.946306044501757
    ],
    "val_f1_score": [
      0.9024875621890548,
      0.9187032418952619,
      0.9377799900447984,
      0.9415876185721418,
      0.9442786069651741,
      0.9325337331334334
    ],
    "val_auc": [
      0.9646939999999999,
      0.9641950000000001,
      0.977311,
      0.976988,
      0.9728674999999999,
      0.9694940000000001
    ],
    "learning_rate": [
      "5e-05",
      "5e-05"
    ]
  },
  "training_params": {
    "epochs": 50,
    "batch_size": 32,
    "learning_rate": 5e-05,
    "patience": 7
  },
  "model_info": {
    "model_name": "Proposed Siamese CapsNet + MobileNetV2",
    "session_id": "Proposed Siamese CapsNet + MobileNetV2_20251006_172901"
  }
}