{
  "epoch": 3,
  "timestamp": "2025-10-05T22:06:10.406923",
  "training_data": {
    "epochs": [
      1,
      2,
      3
    ],
    "loss": [
      0.8628591895103455,
      0.5534602999687195,
      0.3531630337238312
    ],
    "val_loss": [
      0.6896567344665527,
      0.4424748122692108,
      0.2826952040195465
    ],
    "accuracy": [
      0.748199999332428,
      0.8748999834060669,
      0.9172999858856201
    ],
    "val_accuracy": [
      0.8885,
      0.921,
      0.9115
    ],
    "precision": [
      0.7348155379295349,
      0.8988297581672668,
      0.9259902238845825
    ],
    "val_precision": [
      0.8850346878097126,
      0.9176587301587301,
      0.9110889110889111
    ],
    "recall": [
      0.7767000198364258,
      0.8449000120162964,
      0.9071000218391418
    ],
    "val_recall": [
      0.893,
      0.925,
      0.912
    ],
    "f1_score": [
      0.7551774590446749,
      0.8710309155770499,
      0.9164477850294489
    ],
    "val_f1_score": [
      0.8889995022399204,
      0.9213147410358565,
      0.9115442278860569
    ],
    "val_auc": [
      0.947477,
      0.9669850000000001,
      0.9583269999999999
    ],
    "learning_rate": []
  },
  "training_params": {
    "epochs": 50,
    "batch_size": 64,
    "learning_rate": 5e-05,
    "patience": 7
  },
  "model_info": {
    "model_name": "Proposed Siamese CapsNet + MobileNetV2",
    "session_id": "Proposed Siamese CapsNet + MobileNetV2_20251005_210426"
  }
}