{
  "epoch": 7,
  "timestamp": "2025-10-05T23:25:39.214451",
  "training_data": {
    "epochs": [
      1,
      2,
      3,
      4,
      5,
      6,
      7
    ],
    "loss": [
      0.8628591895103455,
      0.5534602999687195,
      0.3531630337238312,
      0.22351999580860138,
      0.14066019654273987,
      0.08885224908590317,
      0.05723515525460243
    ],
    "val_loss": [
      0.6896567344665527,
      0.4424748122692108,
      0.2826952040195465,
      0.179349884390831,
      0.11442525684833527,
      0.07444494962692261,
      0.050335824489593506
    ],
    "accuracy": [
      0.748199999332428,
      0.8748999834060669,
      0.9172999858856201,
      0.9398000240325928,
      0.9512500166893005,
      0.9565500020980835,
      0.9593999981880188
    ],
    "val_accuracy": [
      0.8885,
      0.921,
      0.9115,
      0.9295,
      0.9315,
      0.933,
      0.925
    ],
    "precision": [
      0.7348155379295349,
      0.8988297581672668,
      0.9259902238845825,
      0.9413003921508789,
      0.9484249353408813,
      0.9531513452529907,
      0.95503169298172
    ],
    "val_precision": [
      0.8850346878097126,
      0.9176587301587301,
      0.9110889110889111,
      0.9256689791873142,
      0.9302093718843469,
      0.933,
      0.9233067729083665
    ],
    "recall": [
      0.7767000198364258,
      0.8449000120162964,
      0.9071000218391418,
      0.9380999803543091,
      0.9544000029563904,
      0.9603000283241272,
      0.9642000198364258
    ],
    "val_recall": [
      0.893,
      0.925,
      0.912,
      0.934,
      0.933,
      0.933,
      0.927
    ],
    "f1_score": [
      0.7551774590446749,
      0.8710309155770499,
      0.9164477850294489,
      0.9396974562782451,
      0.9514030829827431,
      0.9567123279949664,
      0.959593952485583
    ],
    "val_f1_score": [
      0.8889995022399204,
      0.9213147410358565,
      0.9115442278860569,
      0.9298158287705327,
      0.9316025961058412,
      0.933,
      0.9251497005988024
    ],
    "val_auc": [
      0.947477,
      0.9669850000000001,
      0.9583269999999999,
      0.9725119999999998,
      0.9727710000000002,
      0.971513,
      0.9702135
    ],
    "learning_rate": [
      "5e-05"
    ]
  },
  "training_params": {
    "epochs": 50,
    "batch_size": 64,
    "learning_rate": 5e-05,
    "patience": 7
  },
  "model_info": {
    "model_name": "Proposed Siamese CapsNet + MobileNetV2",
    "session_id": "Proposed Siamese CapsNet + MobileNetV2_20251005_210426"
  }
}