{
  "epoch": 1,
  "timestamp": "2025-10-06T18:04:43.524605",
  "training_data": {
    "epochs": [
      1
    ],
    "loss": [
      0.8084574937820435
    ],
    "val_loss": [
      0.5059643983840942
    ],
    "accuracy": [
      0.8162999749183655
    ],
    "val_accuracy": [
      0.902
    ],
    "precision": [
      0.8063141703605652
    ],
    "val_precision": [
      0.898019801980198
    ],
    "recall": [
      0.8325999975204468
    ],
    "val_recall": [
      0.907
    ],
    "f1_score": [
      0.8192462855021417
    ],
    "val_f1_score": [
      0.9024875621890548
    ],
    "val_auc": [
      0.9646939999999999
    ],
    "learning_rate": []
  },
  "training_params": {
    "epochs": 50,
    "batch_size": 32,
    "learning_rate": 5e-05,
    "patience": 7
  },
  "model_info": {
    "model_name": "Proposed Siamese CapsNet + MobileNetV2",
    "session_id": "Proposed Siamese CapsNet + MobileNetV2_20251006_172901"
  }
}