{
  "epoch": 11,
  "timestamp": "2025-10-06T07:25:15.344772",
  "training_data": {
    "epochs": [
      1,
      2,
      3,
      4,
      5,
      6,
      7,
      8,
      9,
      10,
      11
    ],
    "loss": [
      0.7552375197410583,
      0.3690149188041687,
      0.1864212453365326,
      0.1009705513715744,
      0.06052088737487793,
      0.039884839206933975,
      0.028399581089615822,
      0.021471763029694557,
      0.017336836084723473,
      0.014715338125824928,
      0.01306760124862194
    ],
    "val_loss": [
      0.5236244201660156,
      0.263017475605011,
      0.14116328954696655,
      0.08415497839450836,
      0.05669007450342178,
      0.04248789697885513,
      0.033319346606731415,
      0.02849764935672283,
      0.025195328518748283,
      0.023185813799500465,
      0.022017670795321465
    ],
    "accuracy": [
      0.770550012588501,
      0.8923500180244446,
      0.9226999878883362,
      0.9418500065803528,
      0.9477999806404114,
      0.949999988079071,
      0.9523000121116638,
      0.9581500291824341,
      0.9582499861717224,
      0.9574000239372253,
      0.9620000123977661
    ],
    "val_accuracy": [
      0.901,
      0.9235,
      0.9385,
      0.9355,
      0.9395,
      0.9275,
      0.938,
      0.924,
      0.921,
      0.9255,
      0.9265
    ],
    "precision": [
      0.7903831601142883,
      0.9072132706642151,
      0.9277474284172058,
      0.9382997751235962,
      0.9435420036315918,
      0.9415227770805359,
      0.9429103136062622,
      0.9492987990379333,
      0.9485172033309937,
      0.9530507326126099,
      0.9571541547775269
    ],
    "val_precision": [
      0.9001996007984032,
      0.922233300099701,
      0.936318407960199,
      0.935064935064935,
      0.9417085427135679,
      0.9262213359920239,
      0.9353876739562624,
      0.924,
      0.9201596806387226,
      0.9208704253214639,
      0.926073926073926
    ],
    "recall": [
      0.7364000082015991,
      0.8741000294685364,
      0.9168000221252441,
      0.945900022983551,
      0.9526000022888184,
      0.9595999717712402,
      0.9628999829292297,
      0.9679999947547913,
      0.9690999984741211,
      0.9621999859809875,
      0.9672999978065491
    ],
    "val_recall": [
      0.902,
      0.925,
      0.941,
      0.936,
      0.937,
      0.929,
      0.941,
      0.924,
      0.922,
      0.931,
      0.927
    ],
    "f1_score": [
      0.762437226001642,
      0.8903488702531955,
      0.9222412337922689,
      0.9420845655923128,
      0.9480493626240897,
      0.9504754241689698,
      0.9528003094135394,
      0.9585581868320947,
      0.9586981329140903,
      0.9576035010647521,
      0.9622003265316871
    ],
    "val_f1_score": [
      0.9010989010989011,
      0.9236145781328009,
      0.9386533665835411,
      0.9355322338830585,
      0.9393483709273183,
      0.927608587119321,
      0.938185443668993,
      0.924,
      0.9210789210789211,
      0.9259075087021382,
      0.9265367316341828
    ],
    "val_auc": [
      0.956266,
      0.963861,
      0.972157,
      0.9764340000000001,
      0.974726,
      0.9729145,
      0.9804200000000001,
      0.9705,
      0.96864,
      0.968844,
      0.9674020000000001
    ],
    "learning_rate": [
      "5e-05",
      "5e-05",
      "5e-05",
      "5e-05",
      "5e-05",
      "5e-05"
    ]
  },
  "training_params": {
    "epochs": 50,
    "batch_size": 32,
    "learning_rate": 5e-05,
    "patience": 7
  },
  "model_info": {
    "model_name": "Proposed Siamese CapsNet + MobileNetV2",
    "session_id": "Proposed Siamese CapsNet + MobileNetV2_20251006_033126"
  }
}