{
  "epoch": 3,
  "timestamp": "2025-10-08T03:41:52.627683",
  "training_data": {
    "epochs": [
      1,
      2,
      3
    ],
    "loss": [
      0.766092836856842,
      0.3761984705924988,
      0.1902828812599182
    ],
    "val_loss": [
      0.5328518748283386,
      0.26821988821029663,
      0.1432245373725891
    ],
    "accuracy": [
      0.7286999821662903,
      0.8779500126838684,
      0.9243999719619751
    ],
    "val_accuracy": [
      0.879,
      0.919,
      0.9315
    ],
    "precision": [
      0.7705228328704834,
      0.9017753005027771,
      0.9279088377952576
    ],
    "val_precision": [
      0.879,
      0.9173306772908366,
      0.9327983951855566
    ],
    "recall": [
      0.6514000296592712,
      0.8482999801635742,
      0.9203000068664551
    ],
    "val_recall": [
      0.879,
      0.921,
      0.93
    ],
    "f1_score": [
      0.7059716189697562,
      0.8742206390871766,
      0.9240887550565531
    ],
    "val_f1_score": [
      0.879,
      0.9191616766467066,
      0.9313970956434653
    ],
    "val_auc": [
      0.94636,
      0.9664134999999999,
      0.9747340000000001
    ],
    "learning_rate": []
  },
  "training_params": {
    "epochs": 50,
    "batch_size": 32,
    "learning_rate": 5e-05,
    "patience": 7
  },
  "model_info": {
    "model_name": "Proposed Siamese CapsNet + MobileNetV2",
    "session_id": "Proposed Siamese CapsNet + MobileNetV2_20251008_004843"
  }
}